image,object_class,object_instance,bbox_x1,bbox_y1,bbox_x2,bbox_y2,bbox_w_norm,bbox_h_norm,bbox_area_norm,aspect_ratio,cx_norm,cy_norm,conf
ball_ball_1_20260605030811_0000.jpg,ball,ball_1,179,98,477,386,0.465625,0.6,0.279375,1.0347222222222223,0.5125,0.5041666666666667,0.6021010279655457
ball_ball_1_20260605030813_0001.jpg,ball,ball_1,182,99,469,388,0.4484375,0.6020833333333333,0.2699967447916667,0.9930795847750865,0.50859375,0.5072916666666667,0.6600750684738159
ball_ball_1_20260605030814_0002.jpg,ball,ball_1,181,99,467,388,0.446875,0.6020833333333333,0.2690559895833333,0.9896193771626297,0.50625,0.5072916666666667,0.6399257779121399
ball_ball_1_20260605030816_0003.jpg,ball,ball_1,178,99,465,387,0.4484375,0.6,0.2690625,0.9965277777777778,0.50234375,0.50625,0.6083337664604187
ball_ball_1_20260605030819_0004.jpg,ball,ball_1,181,99,467,388,0.446875,0.6020833333333333,0.2690559895833333,0.9896193771626297,0.50625,0.5072916666666667,0.5284903049468994
ball_ball_1_20260605030820_0005.jpg,ball,ball_1,181,100,468,388,0.4484375,0.6,0.2690625,0.9965277777777778,0.50703125,0.5083333333333333,0.5434368252754211
ball_ball_1_20260605030822_0006.jpg,ball,ball_1,180,100,466,388,0.446875,0.6,0.268125,0.9930555555555556,0.5046875,0.5083333333333333,0.6595643162727356
ball_ball_1_20260605030823_0007.jpg,ball,ball_1,181,99,470,388,0.4515625,0.6020833333333333,0.2718782552083333,1.0,0.50859375,0.5072916666666667,0.692125141620636
ball_ball_1_20260605030825_0008.jpg,ball,ball_1,179,99,466,387,0.4484375,0.6,0.2690625,0.9965277777777778,0.50390625,0.50625,0.5809459686279297
ball_ball_1_20260605030827_0009.jpg,ball,ball_1,180,99,469,387,0.4515625,0.6,0.2709375,1.0034722222222223,0.50703125,0.50625,0.5496798157691956
ball_ball_1_20260605030828_0010.jpg,ball,ball_1,177,100,465,388,0.45,0.6,0.27,1.0,0.5015625,0.5083333333333333,0.5762888193130493
ball_ball_1_20260605030830_0011.jpg,ball,ball_1,178,99,467,387,0.4515625,0.6,0.2709375,1.0034722222222223,0.50390625,0.50625,0.5804190635681152
ball_ball_1_20260605030831_0012.jpg,ball,ball_1,178,99,467,387,0.4515625,0.6,0.2709375,1.0034722222222223,0.50390625,0.50625,0.639255166053772
ball_ball_1_20260605030833_0013.jpg,ball,ball_1,177,100,463,388,0.446875,0.6,0.268125,0.9930555555555556,0.5,0.5083333333333333,0.4729316830635071
ball_ball_1_20260605030834_0014.jpg,ball,ball_1,178,100,466,387,0.45,0.5979166666666667,0.2690625,1.0034843205574913,0.503125,0.5072916666666667,0.5099624395370483
ball_ball_1_20260605030836_0015.jpg,ball,ball_1,176,100,463,387,0.4484375,0.5979166666666667,0.26812825520833333,1.0,0.49921875,0.5072916666666667,0.44312894344329834
ball_ball_1_20260605030837_0016.jpg,ball,ball_1,175,100,461,387,0.446875,0.5979166666666667,0.2671940104166667,0.9965156794425087,0.496875,0.5072916666666667,0.353092759847641
ball_ball_1_20260605030839_0017.jpg,ball,ball_1,178,100,467,386,0.4515625,0.5958333333333333,0.2690559895833333,1.0104895104895104,0.50390625,0.50625,0.48214614391326904
ball_ball_1_20260605030841_0018.jpg,ball,ball_1,178,100,468,386,0.453125,0.5958333333333333,0.26998697916666664,1.013986013986014,0.5046875,0.50625,0.4507771134376526
ball_ball_1_20260605030843_0019.jpg,ball,ball_1,178,100,469,386,0.4546875,0.5958333333333333,0.27091796875,1.0174825174825175,0.50546875,0.50625,0.4532320201396942
ball_ball_1_20260605030846_0020.jpg,ball,ball_1,178,100,467,386,0.4515625,0.5958333333333333,0.2690559895833333,1.0104895104895104,0.50390625,0.50625,0.39608681201934814
ball_ball_1_20260605030848_0021.jpg,ball,ball_1,178,100,468,386,0.453125,0.5958333333333333,0.26998697916666664,1.013986013986014,0.5046875,0.50625,0.437940388917923
ball_ball_1_20260605030850_0022.jpg,ball,ball_1,179,100,468,385,0.4515625,0.59375,0.268115234375,1.0140350877192983,0.50546875,0.5052083333333334,0.3666992783546448
ball_ball_1_20260605030851_0023.jpg,ball,ball_1,180,100,468,385,0.45,0.59375,0.2671875,1.0105263157894737,0.50625,0.5052083333333334,0.4051723778247833
ball_ball_1_20260605030854_0024.jpg,ball,ball_1,178,100,468,385,0.453125,0.59375,0.26904296875,1.0175438596491229,0.5046875,0.5052083333333334,0.386733740568161
ball_ball_1_20260605030857_0025.jpg,ball,ball_1,202,99,500,385,0.465625,0.5958333333333333,0.2774348958333333,1.0419580419580419,0.5484375,0.5041666666666667,0.6564441323280334
ball_ball_1_20260605030908_0026.jpg,ball,ball_1,164,97,450,384,0.446875,0.5979166666666667,0.2671940104166667,0.9965156794425087,0.4796875,0.5010416666666667,0.28481510281562805
ball_ball_1_20260605030910_0027.jpg,ball,ball_1,167,98,451,383,0.44375,0.59375,0.2634765625,0.9964912280701754,0.4828125,0.5010416666666667,0.4243263900279999
ball_ball_1_20260605030911_0028.jpg,ball,ball_1,168,99,462,384,0.459375,0.59375,0.27275390625,1.0315789473684212,0.4921875,0.503125,0.3346860706806183
ball_ball_1_20260605030913_0029.jpg,ball,ball_1,179,97,467,383,0.45,0.5958333333333333,0.268125,1.006993006993007,0.5046875,0.5,0.6110092401504517
ball_ball_1_20260605030915_0030.jpg,ball,ball_1,180,98,469,384,0.4515625,0.5958333333333333,0.2690559895833333,1.0104895104895104,0.50703125,0.5020833333333333,0.6377493739128113
ball_ball_1_20260605030916_0031.jpg,ball,ball_1,176,98,464,383,0.45,0.59375,0.2671875,1.0105263157894737,0.5,0.5010416666666667,0.5321833491325378
ball_ball_1_20260605030918_0032.jpg,ball,ball_1,182,97,469,384,0.4484375,0.5979166666666667,0.26812825520833333,1.0,0.50859375,0.5010416666666667,0.6964560747146606
ball_ball_1_20260605030919_0033.jpg,ball,ball_1,180,97,467,384,0.4484375,0.5979166666666667,0.26812825520833333,1.0,0.50546875,0.5010416666666667,0.7123594284057617
ball_ball_1_20260605030921_0034.jpg,ball,ball_1,180,97,467,383,0.4484375,0.5958333333333333,0.2671940104166667,1.0034965034965035,0.50546875,0.5,0.7376722097396851
ball_ball_1_20260605030922_0035.jpg,ball,ball_1,177,97,465,383,0.45,0.5958333333333333,0.268125,1.006993006993007,0.5015625,0.5,0.7014386653900146
ball_ball_1_20260605030924_0036.jpg,ball,ball_1,179,97,467,384,0.45,0.5979166666666667,0.2690625,1.0034843205574913,0.5046875,0.5010416666666667,0.6896620392799377
ball_ball_1_20260605030925_0037.jpg,ball,ball_1,177,97,466,384,0.4515625,0.5979166666666667,0.2699967447916667,1.0069686411149825,0.50234375,0.5010416666666667,0.7018646001815796
ball_ball_1_20260605030927_0038.jpg,ball,ball_1,177,97,465,384,0.45,0.5979166666666667,0.2690625,1.0034843205574913,0.5015625,0.5010416666666667,0.6586889028549194
ball_ball_1_20260605030928_0039.jpg,ball,ball_1,176,97,464,384,0.45,0.5979166666666667,0.2690625,1.0034843205574913,0.5,0.5010416666666667,0.7037786841392517
ball_ball_1_20260605030930_0040.jpg,ball,ball_1,178,97,466,384,0.45,0.5979166666666667,0.2690625,1.0034843205574913,0.503125,0.5010416666666667,0.7226381301879883
ball_ball_1_20260605030931_0041.jpg,ball,ball_1,168,98,463,385,0.4609375,0.5979166666666667,0.27560221354166664,1.0278745644599303,0.49296875,0.503125,0.6486536264419556
ball_ball_1_20260605030933_0042.jpg,ball,ball_1,168,98,462,384,0.459375,0.5958333333333333,0.2737109375,1.027972027972028,0.4921875,0.5020833333333333,0.5796910524368286
ball_ball_1_20260605030934_0043.jpg,ball,ball_1,167,97,454,383,0.4484375,0.5958333333333333,0.2671940104166667,1.0034965034965035,0.48515625,0.5,0.6513906121253967
ball_ball_1_20260605030936_0044.jpg,ball,ball_1,166,98,461,385,0.4609375,0.5979166666666667,0.27560221354166664,1.0278745644599303,0.48984375,0.503125,0.562228262424469
ball_ball_1_20260605030938_0045.jpg,ball,ball_1,173,97,462,384,0.4515625,0.5979166666666667,0.2699967447916667,1.0069686411149825,0.49609375,0.5010416666666667,0.7296651005744934
ball_ball_1_20260605030939_0046.jpg,ball,ball_1,180,97,467,384,0.4484375,0.5979166666666667,0.26812825520833333,1.0,0.50546875,0.5010416666666667,0.753480076789856
ball_ball_1_20260605030941_0047.jpg,ball,ball_1,179,98,467,384,0.45,0.5958333333333333,0.268125,1.006993006993007,0.5046875,0.5020833333333333,0.6763402223587036
ball_ball_1_20260605030942_0048.jpg,ball,ball_1,176,97,465,384,0.4515625,0.5979166666666667,0.2699967447916667,1.0069686411149825,0.50078125,0.5010416666666667,0.6661223769187927
ball_ball_1_20260605030944_0049.jpg,ball,ball_1,177,97,465,384,0.45,0.5979166666666667,0.2690625,1.0034843205574913,0.5015625,0.5010416666666667,0.6974065899848938
ball_ball_2_20260605031017_0000.jpg,ball,ball_2,192,101,475,389,0.4421875,0.6,0.2653125,0.9826388888888888,0.52109375,0.5104166666666666,0.5979422330856323
ball_ball_2_20260605031018_0001.jpg,ball,ball_2,191,100,479,386,0.45,0.5958333333333333,0.268125,1.006993006993007,0.5234375,0.50625,0.7043667435646057
ball_ball_2_20260605031020_0002.jpg,ball,ball_2,192,102,479,387,0.4484375,0.59375,0.266259765625,1.0070175438596491,0.52421875,0.509375,0.672138512134552
ball_ball_2_20260605031021_0003.jpg,ball,ball_2,192,101,479,386,0.4484375,0.59375,0.266259765625,1.0070175438596491,0.52421875,0.5072916666666667,0.706631064414978
ball_ball_2_20260605031023_0004.jpg,ball,ball_2,193,101,481,386,0.45,0.59375,0.2671875,1.0105263157894737,0.5265625,0.5072916666666667,0.6875656843185425
ball_ball_2_20260605031024_0005.jpg,ball,ball_2,191,100,479,385,0.45,0.59375,0.2671875,1.0105263157894737,0.5234375,0.5052083333333334,0.6021275520324707
ball_ball_2_20260605031026_0006.jpg,ball,ball_2,192,101,480,386,0.45,0.59375,0.2671875,1.0105263157894737,0.525,0.5072916666666667,0.6546796560287476
ball_ball_2_20260605031027_0007.jpg,ball,ball_2,191,101,481,386,0.453125,0.59375,0.26904296875,1.0175438596491229,0.525,0.5072916666666667,0.6650939583778381
ball_ball_2_20260605031029_0008.jpg,ball,ball_2,191,100,481,385,0.453125,0.59375,0.26904296875,1.0175438596491229,0.525,0.5052083333333334,0.6487488746643066
ball_ball_2_20260605031031_0009.jpg,ball,ball_2,191,100,480,385,0.4515625,0.59375,0.268115234375,1.0140350877192983,0.52421875,0.5052083333333334,0.68270343542099
ball_ball_2_20260605031032_0010.jpg,ball,ball_2,191,100,480,385,0.4515625,0.59375,0.268115234375,1.0140350877192983,0.52421875,0.5052083333333334,0.6564602255821228
ball_ball_2_20260605031034_0011.jpg,ball,ball_2,190,100,480,386,0.453125,0.5958333333333333,0.26998697916666664,1.013986013986014,0.5234375,0.50625,0.6622822880744934
ball_ball_2_20260605031035_0012.jpg,ball,ball_2,190,100,480,386,0.453125,0.5958333333333333,0.26998697916666664,1.013986013986014,0.5234375,0.50625,0.6624809503555298
ball_ball_2_20260605031037_0013.jpg,ball,ball_2,190,100,479,385,0.4515625,0.59375,0.268115234375,1.0140350877192983,0.52265625,0.5052083333333334,0.6842880249023438
ball_ball_2_20260605031038_0014.jpg,ball,ball_2,191,100,481,385,0.453125,0.59375,0.26904296875,1.0175438596491229,0.525,0.5052083333333334,0.6800065040588379
ball_ball_2_20260605031040_0015.jpg,ball,ball_2,187,100,475,386,0.45,0.5958333333333333,0.268125,1.006993006993007,0.5171875,0.50625,0.663003146648407
ball_ball_2_20260605031041_0016.jpg,ball,ball_2,188,99,477,385,0.4515625,0.5958333333333333,0.2690559895833333,1.0104895104895104,0.51953125,0.5041666666666667,0.6759202480316162
ball_ball_2_20260605031043_0017.jpg,ball,ball_2,187,100,477,386,0.453125,0.5958333333333333,0.26998697916666664,1.013986013986014,0.51875,0.50625,0.7016772627830505
ball_ball_2_20260605031045_0018.jpg,ball,ball_2,188,100,477,386,0.4515625,0.5958333333333333,0.2690559895833333,1.0104895104895104,0.51953125,0.50625,0.6592524647712708
ball_ball_2_20260605031046_0019.jpg,ball,ball_2,187,100,476,386,0.4515625,0.5958333333333333,0.2690559895833333,1.0104895104895104,0.51796875,0.50625,0.6735491156578064
ball_ball_2_20260605031048_0020.jpg,ball,ball_2,183,100,472,387,0.4515625,0.5979166666666667,0.2699967447916667,1.0069686411149825,0.51171875,0.5072916666666667,0.6701480150222778
ball_ball_2_20260605031049_0021.jpg,ball,ball_2,186,99,474,386,0.45,0.5979166666666667,0.2690625,1.0034843205574913,0.515625,0.5052083333333334,0.683576762676239
ball_ball_2_20260605031051_0022.jpg,ball,ball_2,183,100,471,386,0.45,0.5958333333333333,0.268125,1.006993006993007,0.5109375,0.50625,0.5840324759483337
ball_ball_2_20260605031052_0023.jpg,ball,ball_2,186,100,472,386,0.446875,0.5958333333333333,0.2662630208333333,1.0,0.5140625,0.50625,0.6522242426872253
ball_ball_2_20260605031055_0024.jpg,ball,ball_2,187,100,474,386,0.4484375,0.5958333333333333,0.2671940104166667,1.0034965034965035,0.51640625,0.50625,0.718979001045227
ball_ball_2_20260605031100_0025.jpg,ball,ball_2,184,104,476,390,0.45625,0.5958333333333333,0.27184895833333333,1.020979020979021,0.515625,0.5145833333333333,0.3366515636444092
ball_ball_2_20260605031102_0026.jpg,ball,ball_2,185,101,470,389,0.4453125,0.6,0.2671875,0.9895833333333334,0.51171875,0.5104166666666666,0.5915125012397766
ball_ball_2_20260605031104_0027.jpg,ball,ball_2,183,101,465,388,0.440625,0.5979166666666667,0.26345703125,0.9825783972125436,0.50625,0.509375,0.6275037527084351
ball_ball_2_20260605031105_0028.jpg,ball,ball_2,184,101,466,388,0.440625,0.5979166666666667,0.26345703125,0.9825783972125436,0.5078125,0.509375,0.6480343341827393
ball_ball_2_20260605031107_0029.jpg,ball,ball_2,184,101,466,388,0.440625,0.5979166666666667,0.26345703125,0.9825783972125436,0.5078125,0.509375,0.6077414155006409
ball_ball_2_20260605031109_0030.jpg,ball,ball_2,180,100,463,388,0.4421875,0.6,0.2653125,0.9826388888888888,0.50234375,0.5083333333333333,0.5824180245399475
ball_ball_2_20260605031110_0031.jpg,ball,ball_2,179,100,462,387,0.4421875,0.5979166666666667,0.2643912760416667,0.9860627177700348,0.50078125,0.5072916666666667,0.6145890355110168
ball_ball_2_20260605031112_0032.jpg,ball,ball_2,166,100,462,386,0.4625,0.5958333333333333,0.27557291666666667,1.034965034965035,0.490625,0.50625,0.331513375043869
ball_ball_2_20260605031113_0033.jpg,ball,ball_2,166,100,462,386,0.4625,0.5958333333333333,0.27557291666666667,1.034965034965035,0.490625,0.50625,0.4231875240802765
ball_ball_2_20260605031115_0034.jpg,ball,ball_2,175,99,459,386,0.44375,0.5979166666666667,0.26532552083333333,0.9895470383275261,0.4953125,0.5052083333333334,0.4836729168891907
ball_ball_2_20260605031116_0035.jpg,ball,ball_2,166,100,462,386,0.4625,0.5958333333333333,0.27557291666666667,1.034965034965035,0.490625,0.50625,0.456664115190506
ball_ball_2_20260605031118_0036.jpg,ball,ball_2,167,100,464,386,0.4640625,0.5958333333333333,0.27650390625,1.0384615384615385,0.49296875,0.50625,0.38759690523147583
ball_ball_2_20260605031119_0037.jpg,ball,ball_2,166,100,463,386,0.4640625,0.5958333333333333,0.27650390625,1.0384615384615385,0.49140625,0.50625,0.41119784116744995
ball_ball_2_20260605031121_0038.jpg,ball,ball_2,177,99,461,385,0.44375,0.5958333333333333,0.26440104166666667,0.993006993006993,0.4984375,0.5041666666666667,0.35773491859436035
ball_ball_2_20260605031123_0039.jpg,ball,ball_2,176,100,462,386,0.446875,0.5958333333333333,0.2662630208333333,1.0,0.4984375,0.50625,0.33288657665252686
ball_ball_2_20260605031126_0040.jpg,ball,ball_2,176,99,461,385,0.4453125,0.5958333333333333,0.26533203125,0.9965034965034965,0.49765625,0.5041666666666667,0.49653661251068115
ball_ball_2_20260605031128_0041.jpg,ball,ball_2,188,99,470,383,0.440625,0.5916666666666667,0.260703125,0.9929577464788732,0.5140625,0.5020833333333333,0.8417774438858032
ball_ball_2_20260605031130_0042.jpg,ball,ball_2,172,101,465,386,0.4578125,0.59375,0.271826171875,1.0280701754385966,0.49765625,0.5072916666666667,0.8830885887145996
ball_ball_2_20260605031131_0043.jpg,ball,ball_2,173,99,463,384,0.453125,0.59375,0.26904296875,1.0175438596491229,0.496875,0.503125,0.665494441986084
ball_ball_2_20260605031133_0044.jpg,ball,ball_2,173,97,460,384,0.4484375,0.5979166666666667,0.26812825520833333,1.0,0.49453125,0.5010416666666667,0.8539015054702759
ball_ball_2_20260605031134_0045.jpg,ball,ball_2,173,99,465,386,0.45625,0.5979166666666667,0.2727994791666667,1.0174216027874565,0.4984375,0.5052083333333334,0.8718204498291016
ball_ball_2_20260605031138_0046.jpg,ball,ball_2,195,98,477,384,0.440625,0.5958333333333333,0.2625390625,0.986013986013986,0.525,0.5020833333333333,0.8679521679878235
ball_ball_2_20260605031140_0047.jpg,ball,ball_2,193,98,482,383,0.4515625,0.59375,0.268115234375,1.0140350877192983,0.52734375,0.5010416666666667,0.8756148815155029
ball_ball_2_20260605031141_0048.jpg,ball,ball_2,210,101,488,387,0.434375,0.5958333333333333,0.25881510416666664,0.972027972027972,0.5453125,0.5083333333333333,0.8016178607940674
ball_ball_2_20260605031143_0049.jpg,ball,ball_2,211,99,487,386,0.43125,0.5979166666666667,0.2578515625,0.9616724738675958,0.5453125,0.5052083333333334,0.6387611031532288
ball_ball_3_20260605031233_0000.jpg,ball,ball_3,184,99,468,389,0.44375,0.6041666666666666,0.26809895833333336,0.9793103448275862,0.509375,0.5083333333333333,0.5810091495513916
ball_ball_3_20260605031234_0001.jpg,ball,ball_3,181,99,466,389,0.4453125,0.6041666666666666,0.26904296875,0.9827586206896551,0.50546875,0.5083333333333333,0.578392744064331
ball_ball_3_20260605031236_0002.jpg,ball,ball_3,183,99,468,389,0.4453125,0.6041666666666666,0.26904296875,0.9827586206896551,0.50859375,0.5083333333333333,0.6348810195922852
ball_ball_3_20260605031238_0003.jpg,ball,ball_3,182,99,467,388,0.4453125,0.6020833333333333,0.268115234375,0.986159169550173,0.50703125,0.5072916666666667,0.5064812302589417
ball_ball_3_20260605031239_0004.jpg,ball,ball_3,184,99,469,389,0.4453125,0.6041666666666666,0.26904296875,0.9827586206896551,0.51015625,0.5083333333333333,0.6603639721870422
ball_ball_3_20260605031241_0005.jpg,ball,ball_3,182,98,468,387,0.446875,0.6020833333333333,0.2690559895833333,0.9896193771626297,0.5078125,0.5052083333333334,0.6342316269874573
ball_ball_3_20260605031242_0006.jpg,ball,ball_3,184,98,470,387,0.446875,0.6020833333333333,0.2690559895833333,0.9896193771626297,0.5109375,0.5052083333333334,0.6626971960067749
ball_ball_3_20260605031244_0007.jpg,ball,ball_3,183,98,469,388,0.446875,0.6041666666666666,0.26998697916666664,0.9862068965517241,0.509375,0.50625,0.7033142447471619
ball_ball_3_20260605031245_0008.jpg,ball,ball_3,183,98,468,388,0.4453125,0.6041666666666666,0.26904296875,0.9827586206896551,0.50859375,0.50625,0.7159708738327026
ball_ball_3_20260605031247_0009.jpg,ball,ball_3,179,98,465,387,0.446875,0.6020833333333333,0.2690559895833333,0.9896193771626297,0.503125,0.5052083333333334,0.5745660066604614
ball_ball_3_20260605031248_0010.jpg,ball,ball_3,178,98,472,387,0.459375,0.6020833333333333,0.27658203125,1.0173010380622838,0.5078125,0.5052083333333334,0.5525594353675842
ball_ball_3_20260605031250_0011.jpg,ball,ball_3,179,97,474,387,0.4609375,0.6041666666666666,0.2784830729166667,1.0172413793103448,0.51015625,0.5041666666666667,0.5369857549667358
ball_ball_3_20260605031302_0012.jpg,ball,ball_3,182,101,468,387,0.446875,0.5958333333333333,0.2662630208333333,1.0,0.5078125,0.5083333333333333,0.27179253101348877
ball_ball_3_20260605031303_0013.jpg,ball,ball_3,184,101,471,387,0.4484375,0.5958333333333333,0.2671940104166667,1.0034965034965035,0.51171875,0.5083333333333333,0.35922056436538696
ball_ball_3_20260605031305_0014.jpg,ball,ball_3,185,101,474,387,0.4515625,0.5958333333333333,0.2690559895833333,1.0104895104895104,0.51484375,0.5083333333333333,0.29660919308662415
ball_ball_3_20260605031308_0015.jpg,ball,ball_3,185,102,474,387,0.4515625,0.59375,0.268115234375,1.0140350877192983,0.51484375,0.509375,0.26249390840530396
ball_ball_3_20260605031311_0016.jpg,ball,ball_3,190,101,477,387,0.4484375,0.5958333333333333,0.2671940104166667,1.0034965034965035,0.52109375,0.5083333333333333,0.3534105718135834
ball_ball_3_20260605031313_0017.jpg,ball,ball_3,185,101,471,387,0.446875,0.5958333333333333,0.2662630208333333,1.0,0.5125,0.5083333333333333,0.5474405884742737
ball_ball_3_20260605031314_0018.jpg,ball,ball_3,185,100,471,387,0.446875,0.5979166666666667,0.2671940104166667,0.9965156794425087,0.5125,0.5072916666666667,0.4651183485984802
ball_ball_3_20260605031316_0019.jpg,ball,ball_3,186,101,472,387,0.446875,0.5958333333333333,0.2662630208333333,1.0,0.5140625,0.5083333333333333,0.4132123589515686
ball_ball_3_20260605031317_0020.jpg,ball,ball_3,185,100,471,387,0.446875,0.5979166666666667,0.2671940104166667,0.9965156794425087,0.5125,0.5072916666666667,0.4440716803073883
ball_ball_3_20260605031319_0021.jpg,ball,ball_3,186,100,474,387,0.45,0.5979166666666667,0.2690625,1.0034843205574913,0.515625,0.5072916666666667,0.49901098012924194
ball_ball_3_20260605031320_0022.jpg,ball,ball_3,186,100,472,387,0.446875,0.5979166666666667,0.2671940104166667,0.9965156794425087,0.5140625,0.5072916666666667,0.4780672788619995
ball_ball_3_20260605031322_0023.jpg,ball,ball_3,185,100,473,386,0.45,0.5958333333333333,0.268125,1.006993006993007,0.5140625,0.50625,0.5006572008132935
ball_ball_3_20260605031323_0024.jpg,ball,ball_3,184,100,472,386,0.45,0.5958333333333333,0.268125,1.006993006993007,0.5125,0.50625,0.5066085457801819
ball_ball_3_20260605031325_0025.jpg,ball,ball_3,183,101,473,386,0.453125,0.59375,0.26904296875,1.0175438596491229,0.5125,0.5072916666666667,0.4860246181488037
ball_ball_3_20260605031327_0026.jpg,ball,ball_3,188,100,476,387,0.45,0.5979166666666667,0.2690625,1.0034843205574913,0.51875,0.5072916666666667,0.4841167628765106
ball_ball_3_20260605031328_0027.jpg,ball,ball_3,188,99,476,387,0.45,0.6,0.27,1.0,0.51875,0.50625,0.4715825021266937
ball_ball_3_20260605031330_0028.jpg,ball,ball_3,187,100,475,387,0.45,0.5979166666666667,0.2690625,1.0034843205574913,0.5171875,0.5072916666666667,0.5102870464324951
ball_ball_3_20260605031331_0029.jpg,ball,ball_3,188,100,475,387,0.4484375,0.5979166666666667,0.26812825520833333,1.0,0.51796875,0.5072916666666667,0.5143563151359558
ball_ball_3_20260605031333_0030.jpg,ball,ball_3,184,101,474,386,0.453125,0.59375,0.26904296875,1.0175438596491229,0.5140625,0.5072916666666667,0.5123600959777832
ball_ball_3_20260605031334_0031.jpg,ball,ball_3,186,100,475,386,0.4515625,0.5958333333333333,0.2690559895833333,1.0104895104895104,0.51640625,0.50625,0.4983431100845337
ball_ball_3_20260605031336_0032.jpg,ball,ball_3,187,100,476,386,0.4515625,0.5958333333333333,0.2690559895833333,1.0104895104895104,0.51796875,0.50625,0.5464458465576172
ball_ball_3_20260605031337_0033.jpg,ball,ball_3,186,99,476,386,0.453125,0.5979166666666667,0.27093098958333334,1.0104529616724738,0.5171875,0.5052083333333334,0.5020005702972412
ball_ball_3_20260605031339_0034.jpg,ball,ball_3,185,99,474,386,0.4515625,0.5979166666666667,0.2699967447916667,1.0069686411149825,0.51484375,0.5052083333333334,0.506951093673706
ball_ball_3_20260605031340_0035.jpg,ball,ball_3,187,99,476,386,0.4515625,0.5979166666666667,0.2699967447916667,1.0069686411149825,0.51796875,0.5052083333333334,0.6187765598297119
ball_ball_3_20260605031342_0036.jpg,ball,ball_3,185,98,476,386,0.4546875,0.6,0.2728125,1.0104166666666667,0.51640625,0.5041666666666667,0.6684834957122803
ball_ball_3_20260605031343_0037.jpg,ball,ball_3,187,98,478,386,0.4546875,0.6,0.2728125,1.0104166666666667,0.51953125,0.5041666666666667,0.6715978384017944
ball_ball_3_20260605031345_0038.jpg,ball,ball_3,193,99,487,385,0.459375,0.5958333333333333,0.2737109375,1.027972027972028,0.53125,0.5041666666666667,0.6401293277740479
ball_ball_3_20260605031347_0039.jpg,ball,ball_3,193,98,483,383,0.453125,0.59375,0.26904296875,1.0175438596491229,0.528125,0.5010416666666667,0.7387561202049255
ball_ball_3_20260605031348_0040.jpg,ball,ball_3,184,99,474,387,0.453125,0.6,0.271875,1.0069444444444444,0.5140625,0.50625,0.5355112552642822
ball_ball_3_20260605031355_0041.jpg,ball,ball_3,189,98,475,386,0.446875,0.6,0.268125,0.9930555555555556,0.51875,0.5041666666666667,0.644668459892273
ball_ball_3_20260605031356_0042.jpg,ball,ball_3,185,98,472,386,0.4484375,0.6,0.2690625,0.9965277777777778,0.51328125,0.5041666666666667,0.6915361881256104
ball_ball_3_20260605031358_0043.jpg,ball,ball_3,186,99,475,384,0.4515625,0.59375,0.268115234375,1.0140350877192983,0.51640625,0.503125,0.7698262929916382
ball_ball_3_20260605031359_0044.jpg,ball,ball_3,185,98,474,383,0.4515625,0.59375,0.268115234375,1.0140350877192983,0.51484375,0.5010416666666667,0.6844159960746765
ball_ball_3_20260605031401_0045.jpg,ball,ball_3,194,99,483,384,0.4515625,0.59375,0.268115234375,1.0140350877192983,0.52890625,0.503125,0.7129437923431396
ball_ball_3_20260605031402_0046.jpg,ball,ball_3,183,100,474,387,0.4546875,0.5979166666666667,0.271865234375,1.0139372822299653,0.51328125,0.5072916666666667,0.4642302691936493
ball_ball_3_20260605031404_0047.jpg,ball,ball_3,184,99,473,386,0.4515625,0.5979166666666667,0.2699967447916667,1.0069686411149825,0.51328125,0.5052083333333334,0.5383962988853455
ball_ball_3_20260605031405_0048.jpg,ball,ball_3,184,98,472,385,0.45,0.5979166666666667,0.2690625,1.0034843205574913,0.5125,0.503125,0.7024418115615845
ball_ball_3_20260605031407_0049.jpg,ball,ball_3,186,99,475,386,0.4515625,0.5979166666666667,0.2699967447916667,1.0069686411149825,0.51640625,0.5052083333333334,0.6215232610702515
can_can_1_20260605031501_0000.jpg,can,can_1,165,106,485,386,0.5,0.5833333333333334,0.2916666666666667,1.1428571428571428,0.5078125,0.5125,0.8512794375419617
can_can_1_20260605031502_0001.jpg,can,can_1,168,106,483,386,0.4921875,0.5833333333333334,0.287109375,1.125,0.50859375,0.5125,0.8446770906448364
can_can_1_20260605031504_0002.jpg,can,can_1,167,106,483,385,0.49375,0.58125,0.2869921875,1.1326164874551972,0.5078125,0.5114583333333333,0.8568688035011292
can_can_1_20260605031505_0003.jpg,can,can_1,167,105,472,378,0.4765625,0.56875,0.271044921875,1.1172161172161172,0.49921875,0.503125,0.6876991391181946
can_can_1_20260605031507_0004.jpg,can,can_1,168,17,496,377,0.5125,0.75,0.384375,0.9111111111111111,0.51875,0.41041666666666665,0.5890452265739441
can_can_1_20260605031509_0005.jpg,can,can_1,161,38,494,381,0.5203125,0.7145833333333333,0.371806640625,0.9708454810495627,0.51171875,0.43645833333333334,0.5270600914955139
can_can_1_20260605031510_0006.jpg,can,can_1,162,79,489,380,0.5109375,0.6270833333333333,0.320400390625,1.0863787375415281,0.50859375,0.478125,0.5420316457748413
can_can_1_20260605031512_0007.jpg,can,can_1,173,104,478,384,0.4765625,0.5833333333333334,0.2779947916666667,1.0892857142857142,0.50859375,0.5083333333333333,0.6010112166404724
can_can_1_20260605031513_0008.jpg,can,can_1,173,103,474,383,0.4703125,0.5833333333333334,0.27434895833333334,1.075,0.50546875,0.50625,0.6371733546257019
can_can_1_20260605031525_0009.jpg,can,can_1,164,107,473,381,0.4828125,0.5708333333333333,0.27560546875,1.1277372262773722,0.49765625,0.5083333333333333,0.5045166611671448
can_can_1_20260605031526_0010.jpg,can,can_1,160,106,466,388,0.478125,0.5875,0.2808984375,1.0851063829787233,0.4890625,0.5145833333333333,0.4373636841773987
can_can_1_20260605031528_0011.jpg,can,can_1,170,105,473,384,0.4734375,0.58125,0.275185546875,1.086021505376344,0.50234375,0.509375,0.41412830352783203
can_can_1_20260605031530_0012.jpg,can,can_1,166,107,485,390,0.4984375,0.5895833333333333,0.29387044270833335,1.127208480565371,0.50859375,0.5177083333333333,0.30183979868888855
can_can_1_20260605031531_0013.jpg,can,can_1,171,103,478,375,0.4796875,0.5666666666666667,0.2718229166666667,1.1286764705882353,0.50703125,0.4979166666666667,0.6719589829444885
can_can_1_20260605031533_0014.jpg,can,can_1,174,103,474,372,0.46875,0.5604166666666667,0.2626953125,1.1152416356877324,0.50625,0.4947916666666667,0.7203479409217834
can_can_1_20260605031536_0015.jpg,can,can_1,153,104,486,425,0.5203125,0.66875,0.347958984375,1.0373831775700935,0.49921875,0.5510416666666667,0.34784311056137085
can_can_1_20260605031538_0016.jpg,can,can_1,181,102,470,374,0.4515625,0.5666666666666667,0.25588541666666664,1.0625,0.50859375,0.49583333333333335,0.6233192086219788
can_can_1_20260605031541_0017.jpg,can,can_1,146,5,480,416,0.521875,0.85625,0.44685546875,0.8126520681265207,0.4890625,0.43854166666666666,0.4855164587497711
can_can_1_20260605031543_0018.jpg,can,can_1,136,5,472,405,0.525,0.8333333333333334,0.4375,0.84,0.475,0.4270833333333333,0.6534910202026367
can_can_1_20260605031545_0019.jpg,can,can_1,133,5,468,410,0.5234375,0.84375,0.441650390625,0.8271604938271605,0.46953125,0.4322916666666667,0.6800897121429443
can_can_1_20260605031546_0020.jpg,can,can_1,130,6,470,406,0.53125,0.8333333333333334,0.4427083333333333,0.85,0.46875,0.42916666666666664,0.6207162737846375
can_can_1_20260605031548_0021.jpg,can,can_1,136,6,472,397,0.525,0.8145833333333333,0.42765625,0.8593350383631714,0.475,0.4197916666666667,0.6785413026809692
can_can_1_20260605031549_0022.jpg,can,can_1,147,5,474,391,0.5109375,0.8041666666666667,0.41087890625,0.8471502590673575,0.48515625,0.4125,0.5332674384117126
can_can_1_20260605031551_0023.jpg,can,can_1,149,5,473,415,0.50625,0.8541666666666666,0.432421875,0.7902439024390244,0.4859375,0.4375,0.5925328135490417
can_can_1_20260605031552_0024.jpg,can,can_1,142,5,475,387,0.5203125,0.7958333333333333,0.41408203125,0.8717277486910995,0.48203125,0.4083333333333333,0.6067841649055481
can_can_1_20260605031554_0025.jpg,can,can_1,137,6,472,397,0.5234375,0.8145833333333333,0.4263834635416667,0.8567774936061381,0.47578125,0.4197916666666667,0.7223740816116333
can_can_1_20260605031555_0026.jpg,can,can_1,138,6,476,405,0.528125,0.83125,0.43900390625,0.8471177944862155,0.4796875,0.428125,0.6949832439422607
can_can_1_20260605031557_0027.jpg,can,can_1,141,5,474,391,0.5203125,0.8041666666666667,0.41841796875,0.8626943005181347,0.48046875,0.4125,0.6116459965705872
can_can_1_20260605031601_0028.jpg,can,can_1,136,6,474,417,0.528125,0.85625,0.45220703125,0.8223844282238443,0.4765625,0.440625,0.6989308595657349
can_can_1_20260605031605_0029.jpg,can,can_1,131,8,473,427,0.534375,0.8729166666666667,0.46646484375,0.8162291169451074,0.471875,0.453125,0.6295470595359802
can_can_1_20260605031615_0030.jpg,can,can_1,163,104,458,383,0.4609375,0.58125,0.267919921875,1.0573476702508962,0.48515625,0.5072916666666667,0.8190932869911194
can_can_1_20260605031617_0031.jpg,can,can_1,159,101,464,383,0.4765625,0.5875,0.27998046875,1.0815602836879432,0.48671875,0.5041666666666667,0.7781583666801453
can_can_1_20260605031620_0032.jpg,can,can_1,163,107,476,386,0.4890625,0.58125,0.284267578125,1.1218637992831542,0.49921875,0.5135416666666667,0.8781461715698242
can_can_1_20260605031621_0033.jpg,can,can_1,153,100,451,387,0.465625,0.5979166666666667,0.27840494791666665,1.038327526132404,0.471875,0.5072916666666667,0.8178598284721375
can_can_1_20260605031623_0034.jpg,can,can_1,161,102,460,381,0.4671875,0.58125,0.271552734375,1.07168458781362,0.48515625,0.503125,0.830533504486084
can_can_1_20260605031624_0035.jpg,can,can_1,160,102,458,381,0.465625,0.58125,0.27064453125,1.0681003584229392,0.4828125,0.503125,0.8247076869010925
can_can_1_20260605031626_0036.jpg,can,can_1,156,100,455,383,0.4671875,0.5895833333333333,0.27544596354166667,1.0565371024734982,0.47734375,0.503125,0.8474392890930176
can_can_1_20260605031630_0037.jpg,can,can_1,154,103,457,380,0.4734375,0.5770833333333333,0.273212890625,1.0938628158844765,0.47734375,0.503125,0.5361971259117126
can_can_1_20260605031632_0038.jpg,can,can_1,149,99,448,372,0.4671875,0.56875,0.265712890625,1.0952380952380953,0.46640625,0.490625,0.644455075263977
can_can_1_20260605031633_0039.jpg,can,can_1,144,101,443,374,0.4671875,0.56875,0.265712890625,1.0952380952380953,0.45859375,0.4947916666666667,0.6680463552474976
can_can_1_20260605031635_0040.jpg,can,can_1,165,104,465,378,0.46875,0.5708333333333333,0.267578125,1.094890510948905,0.4921875,0.5020833333333333,0.7317988276481628
can_can_1_20260605031637_0041.jpg,can,can_1,163,104,463,377,0.46875,0.56875,0.2666015625,1.098901098901099,0.4890625,0.5010416666666667,0.6870884299278259
can_can_1_20260605031638_0042.jpg,can,can_1,160,104,460,378,0.46875,0.5708333333333333,0.267578125,1.094890510948905,0.484375,0.5020833333333333,0.6772169470787048
can_can_1_20260605031640_0043.jpg,can,can_1,160,104,460,376,0.46875,0.5666666666666667,0.265625,1.1029411764705883,0.484375,0.5,0.6937436461448669
can_can_1_20260605031641_0044.jpg,can,can_1,171,105,464,377,0.4578125,0.5666666666666667,0.2594270833333333,1.0772058823529411,0.49609375,0.5020833333333333,0.610544741153717
can_can_1_20260605031643_0045.jpg,can,can_1,170,105,466,379,0.4625,0.5708333333333333,0.2640104166666667,1.0802919708029197,0.496875,0.5041666666666667,0.6544792056083679
can_can_1_20260605031644_0046.jpg,can,can_1,170,105,464,375,0.459375,0.5625,0.2583984375,1.0888888888888888,0.4953125,0.5,0.5699062347412109
can_can_1_20260605031646_0047.jpg,can,can_1,170,105,468,377,0.465625,0.5666666666666667,0.26385416666666667,1.0955882352941178,0.4984375,0.5020833333333333,0.679800271987915
can_can_1_20260605031647_0048.jpg,can,can_1,166,107,461,381,0.4609375,0.5708333333333333,0.26311848958333334,1.0766423357664234,0.48984375,0.5083333333333333,0.3907330334186554
can_can_1_20260605031649_0049.jpg,can,can_1,166,107,467,381,0.4703125,0.5708333333333333,0.26847005208333335,1.0985401459854014,0.49453125,0.5083333333333333,0.49054789543151855
can_can_2_20260605031749_0000.jpg,can,can_2,168,100,474,386,0.478125,0.5958333333333333,0.2848828125,1.06993006993007,0.5015625,0.50625,0.8213374018669128
can_can_2_20260605031751_0001.jpg,can,can_2,171,102,483,389,0.4875,0.5979166666666667,0.291484375,1.0871080139372822,0.5109375,0.5114583333333333,0.7759729027748108
can_can_2_20260605031752_0002.jpg,can,can_2,173,101,487,391,0.490625,0.6041666666666666,0.29641927083333336,1.0827586206896551,0.515625,0.5125,0.7760093808174133
can_can_2_20260605031754_0003.jpg,can,can_2,185,101,501,390,0.49375,0.6020833333333333,0.29727864583333335,1.0934256055363323,0.5359375,0.5114583333333333,0.7357645630836487
can_can_2_20260605031756_0004.jpg,can,can_2,167,100,482,393,0.4921875,0.6104166666666667,0.300439453125,1.075085324232082,0.50703125,0.5135416666666667,0.567837655544281
can_can_2_20260605031758_0005.jpg,can,can_2,150,106,462,384,0.4875,0.5791666666666667,0.28234375,1.1223021582733812,0.478125,0.5104166666666666,0.7618312835693359
can_can_2_20260605031800_0006.jpg,can,can_2,158,99,460,382,0.471875,0.5895833333333333,0.27820963541666666,1.0671378091872792,0.4828125,0.5010416666666667,0.8521699905395508
can_can_2_20260605031801_0007.jpg,can,can_2,160,100,465,383,0.4765625,0.5895833333333333,0.28097330729166664,1.0777385159010602,0.48828125,0.503125,0.8423863053321838
can_can_2_20260605031803_0008.jpg,can,can_2,161,99,463,382,0.471875,0.5895833333333333,0.27820963541666666,1.0671378091872792,0.4875,0.5010416666666667,0.8658422827720642
can_can_2_20260605031805_0009.jpg,can,can_2,159,101,460,385,0.4703125,0.5916666666666667,0.27826822916666666,1.0598591549295775,0.48359375,0.50625,0.8690283894538879
can_can_2_20260605031807_0010.jpg,can,can_2,162,104,459,384,0.4640625,0.5833333333333334,0.270703125,1.0607142857142857,0.48515625,0.5083333333333333,0.7041246891021729
can_can_2_20260605031808_0011.jpg,can,can_2,162,104,460,384,0.465625,0.5833333333333334,0.2716145833333333,1.0642857142857143,0.4859375,0.5083333333333333,0.66447913646698
can_can_2_20260605031810_0012.jpg,can,can_2,164,106,464,387,0.46875,0.5854166666666667,0.2744140625,1.0676156583629892,0.490625,0.5135416666666667,0.5918108820915222
can_can_2_20260605031811_0013.jpg,can,can_2,162,104,455,386,0.4578125,0.5875,0.26896484375,1.0390070921985815,0.48203125,0.5104166666666666,0.5624185800552368
can_can_2_20260605031813_0014.jpg,can,can_2,166,105,459,384,0.4578125,0.58125,0.266103515625,1.050179211469534,0.48828125,0.509375,0.5422889590263367
can_can_2_20260605031814_0015.jpg,can,can_2,164,107,461,384,0.4640625,0.5770833333333333,0.267802734375,1.0722021660649819,0.48828125,0.5114583333333333,0.4298129677772522
can_can_2_20260605031816_0016.jpg,can,can_2,173,102,480,393,0.4796875,0.60625,0.290810546875,1.0549828178694158,0.51015625,0.515625,0.5624350905418396
can_can_2_20260605031817_0017.jpg,can,can_2,167,102,464,384,0.4640625,0.5875,0.27263671875,1.053191489361702,0.49296875,0.50625,0.7433421015739441
can_can_2_20260605031821_0018.jpg,can,can_2,190,99,480,382,0.453125,0.5895833333333333,0.26715494791666666,1.0247349823321554,0.5234375,0.5010416666666667,0.7433570623397827
can_can_2_20260605031829_0019.jpg,can,can_2,164,105,455,393,0.4546875,0.6,0.2728125,1.0104166666666667,0.48359375,0.51875,0.377414733171463
can_can_2_20260605031833_0020.jpg,can,can_2,154,102,480,422,0.509375,0.6666666666666666,0.33958333333333335,1.01875,0.4953125,0.5458333333333333,0.4509136378765106
can_can_2_20260605031834_0021.jpg,can,can_2,157,100,479,420,0.503125,0.6666666666666666,0.33541666666666664,1.00625,0.496875,0.5416666666666666,0.5384541153907776
can_can_2_20260605031836_0022.jpg,can,can_2,167,100,464,387,0.4640625,0.5979166666666667,0.277470703125,1.0348432055749128,0.49296875,0.5072916666666667,0.6918041110038757
can_can_2_20260605031837_0023.jpg,can,can_2,170,102,490,388,0.5,0.5958333333333333,0.29791666666666666,1.118881118881119,0.515625,0.5104166666666666,0.7644756436347961
can_can_2_20260605031839_0024.jpg,can,can_2,178,101,488,386,0.484375,0.59375,0.28759765625,1.087719298245614,0.5203125,0.5072916666666667,0.8265274167060852
can_can_2_20260605031840_0025.jpg,can,can_2,177,103,491,386,0.490625,0.5895833333333333,0.28926432291666665,1.1095406360424027,0.521875,0.509375,0.810278058052063
can_can_2_20260605031842_0026.jpg,can,can_2,164,102,493,396,0.5140625,0.6125,0.31486328125,1.119047619047619,0.51328125,0.51875,0.773979902267456
can_can_2_20260605031843_0027.jpg,can,can_2,168,104,492,388,0.50625,0.5916666666666667,0.29953125,1.1408450704225352,0.515625,0.5125,0.7773917317390442
can_can_2_20260605031845_0028.jpg,can,can_2,167,105,492,388,0.5078125,0.5895833333333333,0.2993977864583333,1.1484098939929328,0.51484375,0.5135416666666667,0.7600451707839966
can_can_2_20260605031847_0029.jpg,can,can_2,157,105,492,400,0.5234375,0.6145833333333334,0.3216959635416667,1.1355932203389831,0.50703125,0.5260416666666666,0.6845752596855164
can_can_2_20260605031848_0030.jpg,can,can_2,160,103,488,401,0.5125,0.6208333333333333,0.31817708333333333,1.1006711409395973,0.50625,0.525,0.6979144215583801
can_can_2_20260605031850_0031.jpg,can,can_2,170,101,482,389,0.4875,0.6,0.2925,1.0833333333333333,0.509375,0.5104166666666666,0.6914819478988647
can_can_2_20260605031851_0032.jpg,can,can_2,167,101,464,393,0.4640625,0.6083333333333333,0.2823046875,1.0171232876712328,0.49296875,0.5145833333333333,0.6189666986465454
can_can_2_20260605031853_0033.jpg,can,can_2,172,103,477,395,0.4765625,0.6083333333333333,0.2899088541666667,1.0445205479452055,0.50703125,0.51875,0.3274614214897156
can_can_2_20260605031858_0034.jpg,can,can_2,168,101,463,384,0.4609375,0.5895833333333333,0.27176106770833336,1.0424028268551238,0.49296875,0.5052083333333334,0.8369522094726562
can_can_2_20260605031900_0035.jpg,can,can_2,172,103,465,386,0.4578125,0.5895833333333333,0.26991861979166665,1.0353356890459364,0.49765625,0.509375,0.7768568992614746
can_can_2_20260605031901_0036.jpg,can,can_2,166,101,461,384,0.4609375,0.5895833333333333,0.27176106770833336,1.0424028268551238,0.48984375,0.5052083333333334,0.8282449841499329
can_can_2_20260605031903_0037.jpg,can,can_2,158,102,466,380,0.48125,0.5791666666666667,0.27872395833333335,1.1079136690647482,0.4875,0.5020833333333333,0.43412044644355774
can_can_2_20260605031905_0038.jpg,can,can_2,158,103,462,385,0.475,0.5875,0.2790625,1.0780141843971631,0.484375,0.5083333333333333,0.7577821612358093
can_can_2_20260605031907_0039.jpg,can,can_2,155,103,457,379,0.471875,0.575,0.271328125,1.0942028985507246,0.478125,0.5020833333333333,0.675597608089447
can_can_2_20260605031915_0040.jpg,can,can_2,150,101,455,382,0.4765625,0.5854166666666667,0.27898763020833334,1.085409252669039,0.47265625,0.503125,0.6819450855255127
can_can_2_20260605031916_0041.jpg,can,can_2,153,101,458,382,0.4765625,0.5854166666666667,0.27898763020833334,1.085409252669039,0.47734375,0.503125,0.6586193442344666
can_can_2_20260605031918_0042.jpg,can,can_2,156,102,465,381,0.4828125,0.58125,0.280634765625,1.10752688172043,0.48515625,0.503125,0.7577754855155945
can_can_2_20260605031919_0043.jpg,can,can_2,165,102,472,384,0.4796875,0.5875,0.28181640625,1.0886524822695036,0.49765625,0.50625,0.8309516906738281
can_can_2_20260605031921_0044.jpg,can,can_2,182,102,491,383,0.4828125,0.5854166666666667,0.282646484375,1.099644128113879,0.52578125,0.5052083333333334,0.7748359441757202
can_can_2_20260605031922_0045.jpg,can,can_2,158,100,470,383,0.4875,0.5895833333333333,0.287421875,1.1024734982332156,0.490625,0.503125,0.8347898721694946
can_can_2_20260605031924_0046.jpg,can,can_2,138,97,439,382,0.4703125,0.59375,0.279248046875,1.056140350877193,0.45078125,0.49895833333333334,0.7645390033721924
can_can_2_20260605031925_0047.jpg,can,can_2,146,99,444,388,0.465625,0.6020833333333333,0.2803450520833333,1.0311418685121108,0.4609375,0.5072916666666667,0.8351880311965942
can_can_2_20260605031927_0048.jpg,can,can_2,144,104,454,384,0.484375,0.5833333333333334,0.2825520833333333,1.1071428571428572,0.4671875,0.5083333333333333,0.3711317181587219
can_can_2_20260605031929_0049.jpg,can,can_2,182,102,486,380,0.475,0.5791666666666667,0.27510416666666665,1.0935251798561152,0.521875,0.5020833333333333,0.5341240167617798
can_can_3_20260605032004_0000.jpg,can,can_3,167,102,475,388,0.48125,0.5958333333333333,0.28674479166666667,1.0769230769230769,0.5015625,0.5104166666666666,0.5436199903488159
can_can_3_20260605032005_0001.jpg,can,can_3,164,102,472,388,0.48125,0.5958333333333333,0.28674479166666667,1.0769230769230769,0.496875,0.5104166666666666,0.599606454372406
can_can_3_20260605032007_0002.jpg,can,can_3,171,104,481,385,0.484375,0.5854166666666667,0.2835611979166667,1.103202846975089,0.509375,0.509375,0.7509870529174805
can_can_3_20260605032009_0003.jpg,can,can_3,180,102,485,385,0.4765625,0.5895833333333333,0.28097330729166664,1.0777385159010602,0.51953125,0.5072916666666667,0.8753089904785156
can_can_3_20260605032010_0004.jpg,can,can_3,176,101,482,385,0.478125,0.5916666666666667,0.282890625,1.0774647887323943,0.5140625,0.50625,0.8574856519699097
can_can_3_20260605032012_0005.jpg,can,can_3,178,105,489,385,0.4859375,0.5833333333333334,0.28346354166666665,1.1107142857142858,0.52109375,0.5104166666666666,0.8221330046653748
can_can_3_20260605032013_0006.jpg,can,can_3,183,101,485,386,0.471875,0.59375,0.28017578125,1.0596491228070175,0.521875,0.5072916666666667,0.7882313132286072
can_can_3_20260605032015_0007.jpg,can,can_3,171,100,468,386,0.4640625,0.5958333333333333,0.27650390625,1.0384615384615385,0.49921875,0.50625,0.8596935868263245
can_can_3_20260605032016_0008.jpg,can,can_3,180,103,485,387,0.4765625,0.5916666666666667,0.28196614583333335,1.073943661971831,0.51953125,0.5104166666666666,0.8542707562446594
can_can_3_20260605032018_0009.jpg,can,can_3,180,100,479,386,0.4671875,0.5958333333333333,0.2783658854166667,1.0454545454545454,0.51484375,0.50625,0.800947368144989
can_can_3_20260605032019_0010.jpg,can,can_3,178,101,477,385,0.4671875,0.5916666666666667,0.27641927083333334,1.0528169014084507,0.51171875,0.50625,0.6746401190757751
can_can_3_20260605032021_0011.jpg,can,can_3,177,102,482,387,0.4765625,0.59375,0.282958984375,1.0701754385964912,0.51484375,0.509375,0.8845258951187134
can_can_3_20260605032023_0012.jpg,can,can_3,176,103,482,387,0.478125,0.5916666666666667,0.282890625,1.0774647887323943,0.5140625,0.5104166666666666,0.8799411058425903
can_can_3_20260605032024_0013.jpg,can,can_3,175,102,476,386,0.4703125,0.5916666666666667,0.27826822916666666,1.0598591549295775,0.50859375,0.5083333333333333,0.8703984618186951
can_can_3_20260605032026_0014.jpg,can,can_3,176,101,475,386,0.4671875,0.59375,0.277392578125,1.0491228070175438,0.50859375,0.5072916666666667,0.857542872428894
can_can_3_20260605032027_0015.jpg,can,can_3,175,102,480,387,0.4765625,0.59375,0.282958984375,1.0701754385964912,0.51171875,0.509375,0.8652949929237366
can_can_3_20260605032029_0016.jpg,can,can_3,177,100,480,386,0.4734375,0.5958333333333333,0.28208984375,1.0594405594405594,0.51328125,0.50625,0.8698206543922424
can_can_3_20260605032030_0017.jpg,can,can_3,178,102,485,386,0.4796875,0.5916666666666667,0.28381510416666667,1.0809859154929577,0.51796875,0.5083333333333333,0.882786750793457
can_can_3_20260605032032_0018.jpg,can,can_3,179,101,484,387,0.4765625,0.5958333333333333,0.28395182291666665,1.0664335664335665,0.51796875,0.5083333333333333,0.8810092210769653
can_can_3_20260605032033_0019.jpg,can,can_3,189,101,486,387,0.4640625,0.5958333333333333,0.27650390625,1.0384615384615385,0.52734375,0.5083333333333333,0.8779215812683105
can_can_3_20260605032035_0020.jpg,can,can_3,190,102,490,386,0.46875,0.5916666666666667,0.27734375,1.056338028169014,0.53125,0.5083333333333333,0.8617973327636719
can_can_3_20260605032037_0021.jpg,can,can_3,175,103,479,386,0.475,0.5895833333333333,0.2800520833333333,1.0742049469964665,0.5109375,0.509375,0.8323267698287964
can_can_3_20260605032038_0022.jpg,can,can_3,188,98,486,385,0.465625,0.5979166666666667,0.27840494791666665,1.038327526132404,0.5265625,0.503125,0.805560290813446
can_can_3_20260605032044_0023.jpg,can,can_3,174,101,476,385,0.471875,0.5916666666666667,0.2791927083333333,1.0633802816901408,0.5078125,0.50625,0.8515011668205261
can_can_3_20260605032045_0024.jpg,can,can_3,174,100,471,385,0.4640625,0.59375,0.275537109375,1.0421052631578946,0.50390625,0.5052083333333334,0.8347699046134949
can_can_3_20260605032047_0025.jpg,can,can_3,170,102,472,386,0.471875,0.5916666666666667,0.2791927083333333,1.0633802816901408,0.5015625,0.5083333333333333,0.798882007598877
can_can_3_20260605032049_0026.jpg,can,can_3,154,103,461,385,0.4796875,0.5875,0.28181640625,1.0886524822695036,0.48046875,0.5083333333333333,0.8183554410934448
can_can_3_20260605032050_0027.jpg,can,can_3,177,103,486,386,0.4828125,0.5895833333333333,0.284658203125,1.0918727915194346,0.51796875,0.509375,0.6560112833976746
can_can_3_20260605032052_0028.jpg,can,can_3,177,102,485,386,0.48125,0.5916666666666667,0.2847395833333333,1.0845070422535212,0.5171875,0.5083333333333333,0.7355033159255981
can_can_3_20260605032054_0029.jpg,can,can_3,175,105,496,387,0.5015625,0.5875,0.29466796875,1.1382978723404256,0.52421875,0.5125,0.42436566948890686
can_can_3_20260605032055_0030.jpg,can,can_3,173,105,486,391,0.4890625,0.5958333333333333,0.2913997395833333,1.0944055944055944,0.51484375,0.5166666666666667,0.5233539342880249
can_can_3_20260605032057_0031.jpg,can,can_3,169,109,485,381,0.49375,0.5666666666666667,0.27979166666666666,1.161764705882353,0.5109375,0.5104166666666666,0.7452842593193054
can_can_3_20260605032058_0032.jpg,can,can_3,155,105,467,378,0.4875,0.56875,0.277265625,1.1428571428571428,0.4859375,0.503125,0.3503652513027191
can_can_3_20260605032100_0033.jpg,can,can_3,142,102,444,386,0.471875,0.5916666666666667,0.2791927083333333,1.0633802816901408,0.4578125,0.5083333333333333,0.5426618456840515
can_can_3_20260605032101_0034.jpg,can,can_3,154,103,454,381,0.46875,0.5791666666666667,0.271484375,1.079136690647482,0.475,0.5041666666666667,0.43334677815437317
can_can_3_20260605032111_0035.jpg,can,can_3,160,107,477,380,0.4953125,0.56875,0.281708984375,1.1611721611721613,0.49765625,0.5072916666666667,0.6824999451637268
can_can_3_20260605032113_0036.jpg,can,can_3,167,109,478,386,0.4859375,0.5770833333333333,0.2804264322916667,1.1227436823104693,0.50390625,0.515625,0.8136659860610962
can_can_3_20260605032114_0037.jpg,can,can_3,162,107,480,386,0.496875,0.58125,0.28880859375,1.1397849462365592,0.5015625,0.5135416666666667,0.7891498804092407
can_can_3_20260605032116_0038.jpg,can,can_3,166,110,493,389,0.5109375,0.58125,0.296982421875,1.1720430107526882,0.51484375,0.5197916666666667,0.6248980164527893
can_can_3_20260605032117_0039.jpg,can,can_3,157,107,462,390,0.4765625,0.5895833333333333,0.28097330729166664,1.0777385159010602,0.48359375,0.5177083333333333,0.8097786903381348
can_can_3_20260605032119_0040.jpg,can,can_3,160,107,465,387,0.4765625,0.5833333333333334,0.2779947916666667,1.0892857142857142,0.48828125,0.5145833333333333,0.8465208411216736
can_can_3_20260605032120_0041.jpg,can,can_3,167,106,472,388,0.4765625,0.5875,0.27998046875,1.0815602836879432,0.49921875,0.5145833333333333,0.7130957841873169
can_can_3_20260605032122_0042.jpg,can,can_3,165,107,479,387,0.490625,0.5833333333333334,0.28619791666666666,1.1214285714285714,0.503125,0.5145833333333333,0.8108974695205688
can_can_3_20260605032123_0043.jpg,can,can_3,187,102,488,386,0.4703125,0.5916666666666667,0.27826822916666666,1.0598591549295775,0.52734375,0.5083333333333333,0.5924777388572693
can_can_3_20260605032125_0044.jpg,can,can_3,191,103,495,381,0.475,0.5791666666666667,0.27510416666666665,1.0935251798561152,0.5359375,0.5041666666666667,0.4324969947338104
can_can_3_20260605032132_0045.jpg,can,can_3,160,105,480,389,0.5,0.5916666666666667,0.29583333333333334,1.1267605633802817,0.5,0.5145833333333333,0.5414595603942871
can_can_3_20260605032133_0046.jpg,can,can_3,182,106,487,387,0.4765625,0.5854166666666667,0.27898763020833334,1.085409252669039,0.52265625,0.5135416666666667,0.7771767377853394
can_can_3_20260605032135_0047.jpg,can,can_3,181,106,495,388,0.490625,0.5875,0.2882421875,1.1134751773049645,0.528125,0.5145833333333333,0.6780315637588501
can_can_3_20260605032136_0048.jpg,can,can_3,174,105,490,388,0.49375,0.5895833333333333,0.2911067708333333,1.11660777385159,0.51875,0.5135416666666667,0.5168459415435791
can_can_3_20260605032138_0049.jpg,can,can_3,176,108,497,384,0.5015625,0.575,0.2883984375,1.1630434782608696,0.52578125,0.5125,0.4910213053226471
bottle_bottle_1_20260605032729_0000.jpg,bottle,bottle_1,173,104,485,382,0.4875,0.5791666666666667,0.28234375,1.1223021582733812,0.5140625,0.50625,0.7346084713935852
bottle_bottle_1_20260605032730_0001.jpg,bottle,bottle_1,168,104,482,382,0.490625,0.5791666666666667,0.28415364583333336,1.129496402877698,0.5078125,0.50625,0.6952291131019592
bottle_bottle_1_20260605032732_0002.jpg,bottle,bottle_1,170,104,481,389,0.4859375,0.59375,0.288525390625,1.0912280701754387,0.50859375,0.5135416666666667,0.6147668361663818
bottle_bottle_1_20260605032738_0003.jpg,bottle,bottle_1,145,107,510,408,0.5703125,0.6270833333333333,0.35763346354166664,1.212624584717608,0.51171875,0.5364583333333334,0.48037028312683105
bottle_bottle_1_20260605032740_0004.jpg,bottle,bottle_1,159,105,505,393,0.540625,0.6,0.324375,1.2013888888888888,0.51875,0.51875,0.5814518332481384
bottle_bottle_1_20260605032742_0005.jpg,bottle,bottle_1,165,104,487,384,0.503125,0.5833333333333334,0.29348958333333336,1.15,0.509375,0.5083333333333333,0.5927405953407288
bottle_bottle_1_20260605032747_0006.jpg,bottle,bottle_1,174,103,483,379,0.4828125,0.575,0.2776171875,1.1195652173913044,0.51328125,0.5020833333333333,0.5577051043510437
bottle_bottle_1_20260605032749_0007.jpg,bottle,bottle_1,172,103,484,384,0.4875,0.5854166666666667,0.285390625,1.1103202846975089,0.5125,0.5072916666666667,0.6487223505973816
bottle_bottle_1_20260605032750_0008.jpg,bottle,bottle_1,172,102,478,384,0.478125,0.5875,0.2808984375,1.0851063829787233,0.5078125,0.50625,0.6996928453445435
bottle_bottle_1_20260605032752_0009.jpg,bottle,bottle_1,169,103,468,379,0.4671875,0.575,0.2686328125,1.0833333333333333,0.49765625,0.5020833333333333,0.6229159832000732
bottle_bottle_1_20260605032753_0010.jpg,bottle,bottle_1,158,103,470,376,0.4875,0.56875,0.277265625,1.1428571428571428,0.490625,0.49895833333333334,0.4988911747932434
bottle_bottle_1_20260605032755_0011.jpg,bottle,bottle_1,159,101,460,381,0.4703125,0.5833333333333334,0.27434895833333334,1.075,0.48359375,0.5020833333333333,0.2996685206890106
bottle_bottle_1_20260605032756_0012.jpg,bottle,bottle_1,158,103,470,379,0.4875,0.575,0.2803125,1.1304347826086956,0.490625,0.5020833333333333,0.5119602084159851
bottle_bottle_1_20260605032758_0013.jpg,bottle,bottle_1,166,104,466,379,0.46875,0.5729166666666666,0.2685546875,1.0909090909090908,0.49375,0.503125,0.6930552124977112
bottle_bottle_1_20260605032800_0014.jpg,bottle,bottle_1,164,104,466,380,0.471875,0.575,0.271328125,1.0942028985507246,0.4921875,0.5041666666666667,0.5898610949516296
bottle_bottle_1_20260605032801_0015.jpg,bottle,bottle_1,161,102,468,389,0.4796875,0.5979166666666667,0.28681315104166666,1.0696864111498259,0.49140625,0.5114583333333333,0.559411346912384
bottle_bottle_1_20260605032803_0016.jpg,bottle,bottle_1,162,104,469,381,0.4796875,0.5770833333333333,0.2768196614583333,1.108303249097473,0.49296875,0.5052083333333334,0.5992894768714905
bottle_bottle_1_20260605032804_0017.jpg,bottle,bottle_1,161,105,470,380,0.4828125,0.5729166666666666,0.276611328125,1.1236363636363635,0.49296875,0.5052083333333334,0.48849567770957947
bottle_bottle_1_20260605032806_0018.jpg,bottle,bottle_1,160,106,470,379,0.484375,0.56875,0.27548828125,1.1355311355311355,0.4921875,0.5052083333333334,0.4498499929904938
bottle_bottle_1_20260605032807_0019.jpg,bottle,bottle_1,161,105,467,380,0.478125,0.5729166666666666,0.27392578125,1.1127272727272728,0.490625,0.5052083333333334,0.5295957326889038
bottle_bottle_1_20260605032809_0020.jpg,bottle,bottle_1,157,105,466,381,0.4828125,0.575,0.2776171875,1.1195652173913044,0.48671875,0.50625,0.6452062129974365
bottle_bottle_1_20260605032811_0021.jpg,bottle,bottle_1,159,105,467,381,0.48125,0.575,0.27671875,1.1159420289855073,0.4890625,0.50625,0.5448511242866516
bottle_bottle_1_20260605032812_0022.jpg,bottle,bottle_1,159,105,466,380,0.4796875,0.5729166666666666,0.2748209635416667,1.1163636363636364,0.48828125,0.5052083333333334,0.5531318187713623
bottle_bottle_1_20260605032814_0023.jpg,bottle,bottle_1,160,105,465,380,0.4765625,0.5729166666666666,0.2730305989583333,1.1090909090909091,0.48828125,0.5052083333333334,0.6240443587303162
bottle_bottle_1_20260605032816_0024.jpg,bottle,bottle_1,158,105,468,379,0.484375,0.5708333333333333,0.2764973958333333,1.1313868613138687,0.4890625,0.5041666666666667,0.5858408212661743
bottle_bottle_1_20260605032823_0025.jpg,bottle,bottle_1,170,101,467,378,0.4640625,0.5770833333333333,0.267802734375,1.0722021660649819,0.49765625,0.49895833333333334,0.287070631980896
bottle_bottle_1_20260605032827_0026.jpg,bottle,bottle_1,159,105,463,377,0.475,0.5666666666666667,0.26916666666666667,1.1176470588235294,0.4859375,0.5020833333333333,0.5996112823486328
bottle_bottle_1_20260605032829_0027.jpg,bottle,bottle_1,156,102,465,389,0.4828125,0.5979166666666667,0.288681640625,1.0766550522648084,0.48515625,0.5114583333333333,0.7691816687583923
bottle_bottle_1_20260605032830_0028.jpg,bottle,bottle_1,150,103,463,385,0.4890625,0.5875,0.28732421875,1.1099290780141844,0.47890625,0.5083333333333333,0.6122071743011475
bottle_bottle_1_20260605032832_0029.jpg,bottle,bottle_1,147,102,447,386,0.46875,0.5916666666666667,0.27734375,1.056338028169014,0.4640625,0.5083333333333333,0.8502089977264404
bottle_bottle_1_20260605032833_0030.jpg,bottle,bottle_1,147,102,448,386,0.4703125,0.5916666666666667,0.27826822916666666,1.0598591549295775,0.46484375,0.5083333333333333,0.8573794960975647
bottle_bottle_1_20260605032835_0031.jpg,bottle,bottle_1,147,102,446,384,0.4671875,0.5875,0.27447265625,1.0602836879432624,0.46328125,0.50625,0.8391240835189819
bottle_bottle_1_20260605032836_0032.jpg,bottle,bottle_1,152,102,452,384,0.46875,0.5875,0.275390625,1.0638297872340425,0.471875,0.50625,0.8442699313163757
bottle_bottle_1_20260605032838_0033.jpg,bottle,bottle_1,150,103,444,378,0.459375,0.5729166666666666,0.26318359375,1.069090909090909,0.4640625,0.5010416666666667,0.7637624740600586
bottle_bottle_1_20260605032840_0034.jpg,bottle,bottle_1,147,102,447,386,0.46875,0.5916666666666667,0.27734375,1.056338028169014,0.4640625,0.5083333333333333,0.7859034538269043
bottle_bottle_1_20260605032841_0035.jpg,bottle,bottle_1,150,102,442,380,0.45625,0.5791666666666667,0.26424479166666665,1.0503597122302157,0.4625,0.5020833333333333,0.7304471135139465
bottle_bottle_1_20260605032843_0036.jpg,bottle,bottle_1,147,103,442,379,0.4609375,0.575,0.2650390625,1.068840579710145,0.46015625,0.5020833333333333,0.7199855446815491
bottle_bottle_1_20260605032844_0037.jpg,bottle,bottle_1,143,102,442,379,0.4671875,0.5770833333333333,0.26960611979166665,1.0794223826714802,0.45703125,0.5010416666666667,0.7804372906684875
bottle_bottle_1_20260605032846_0038.jpg,bottle,bottle_1,147,103,442,380,0.4609375,0.5770833333333333,0.2659993489583333,1.0649819494584838,0.46015625,0.503125,0.7769470810890198
bottle_bottle_1_20260605032848_0039.jpg,bottle,bottle_1,148,102,450,389,0.471875,0.5979166666666667,0.28214192708333335,1.0522648083623694,0.4671875,0.5114583333333333,0.6965366005897522
bottle_bottle_1_20260605032849_0040.jpg,bottle,bottle_1,142,104,441,382,0.4671875,0.5791666666666667,0.2705794270833333,1.0755395683453237,0.45546875,0.50625,0.699232280254364
bottle_bottle_1_20260605032851_0041.jpg,bottle,bottle_1,137,104,435,379,0.465625,0.5729166666666666,0.2667643229166667,1.0836363636363637,0.446875,0.503125,0.6989032626152039
bottle_bottle_1_20260605032852_0042.jpg,bottle,bottle_1,121,105,436,379,0.4921875,0.5708333333333333,0.28095703125,1.1496350364963503,0.43515625,0.5041666666666667,0.6653017401695251
bottle_bottle_1_20260605032854_0043.jpg,bottle,bottle_1,122,107,435,376,0.4890625,0.5604166666666667,0.2740787760416667,1.1635687732342008,0.43515625,0.503125,0.46913209557533264
bottle_bottle_1_20260605032855_0044.jpg,bottle,bottle_1,133,105,439,380,0.478125,0.5729166666666666,0.27392578125,1.1127272727272728,0.446875,0.5052083333333334,0.5597656965255737
bottle_bottle_1_20260605032857_0045.jpg,bottle,bottle_1,133,104,435,379,0.471875,0.5729166666666666,0.2703450520833333,1.0981818181818181,0.44375,0.503125,0.7483193874359131
bottle_bottle_1_20260605032859_0046.jpg,bottle,bottle_1,125,103,437,385,0.4875,0.5875,0.28640625,1.1063829787234043,0.4390625,0.5083333333333333,0.7377580404281616
bottle_bottle_1_20260605032900_0047.jpg,bottle,bottle_1,141,102,439,384,0.465625,0.5875,0.2735546875,1.0567375886524824,0.453125,0.50625,0.8005102276802063
bottle_bottle_1_20260605032902_0048.jpg,bottle,bottle_1,147,102,443,387,0.4625,0.59375,0.274609375,1.03859649122807,0.4609375,0.509375,0.8535332679748535
bottle_bottle_1_20260605032903_0049.jpg,bottle,bottle_1,151,102,451,387,0.46875,0.59375,0.2783203125,1.0526315789473684,0.4703125,0.509375,0.8125201463699341
bottle_bottle_2_20260605032946_0000.jpg,bottle,bottle_2,159,102,458,387,0.4671875,0.59375,0.277392578125,1.0491228070175438,0.48203125,0.509375,0.7263967394828796
bottle_bottle_2_20260605032947_0001.jpg,bottle,bottle_2,162,100,453,385,0.4546875,0.59375,0.269970703125,1.0210526315789474,0.48046875,0.5052083333333334,0.5807725191116333
bottle_bottle_2_20260605032949_0002.jpg,bottle,bottle_2,163,101,463,387,0.46875,0.5958333333333333,0.279296875,1.048951048951049,0.4890625,0.5083333333333333,0.7335772514343262
bottle_bottle_2_20260605032951_0003.jpg,bottle,bottle_2,158,101,458,387,0.46875,0.5958333333333333,0.279296875,1.048951048951049,0.48125,0.5083333333333333,0.768997311592102
bottle_bottle_2_20260605032952_0004.jpg,bottle,bottle_2,160,101,459,386,0.4671875,0.59375,0.277392578125,1.0491228070175438,0.48359375,0.5072916666666667,0.7786985635757446
bottle_bottle_2_20260605032954_0005.jpg,bottle,bottle_2,158,102,460,386,0.471875,0.5916666666666667,0.2791927083333333,1.0633802816901408,0.4828125,0.5083333333333333,0.6813093423843384
bottle_bottle_2_20260605032955_0006.jpg,bottle,bottle_2,161,102,461,387,0.46875,0.59375,0.2783203125,1.0526315789473684,0.4859375,0.509375,0.7038466930389404
bottle_bottle_2_20260605032957_0007.jpg,bottle,bottle_2,158,102,459,387,0.4703125,0.59375,0.279248046875,1.056140350877193,0.48203125,0.509375,0.7157516479492188
bottle_bottle_2_20260605032958_0008.jpg,bottle,bottle_2,162,101,461,388,0.4671875,0.5979166666666667,0.27933919270833335,1.0418118466898956,0.48671875,0.509375,0.7041251063346863
bottle_bottle_2_20260605033000_0009.jpg,bottle,bottle_2,164,101,463,387,0.4671875,0.5958333333333333,0.2783658854166667,1.0454545454545454,0.48984375,0.5083333333333333,0.7743591070175171
bottle_bottle_2_20260605033002_0010.jpg,bottle,bottle_2,171,100,464,385,0.4578125,0.59375,0.271826171875,1.0280701754385966,0.49609375,0.5052083333333334,0.6994948387145996
bottle_bottle_2_20260605033003_0011.jpg,bottle,bottle_2,165,101,463,388,0.465625,0.5979166666666667,0.27840494791666665,1.038327526132404,0.490625,0.509375,0.6932728290557861
bottle_bottle_2_20260605033005_0012.jpg,bottle,bottle_2,163,101,462,388,0.4671875,0.5979166666666667,0.27933919270833335,1.0418118466898956,0.48828125,0.509375,0.6293166279792786
bottle_bottle_2_20260605033006_0013.jpg,bottle,bottle_2,166,101,463,387,0.4640625,0.5958333333333333,0.27650390625,1.0384615384615385,0.49140625,0.5083333333333333,0.595811665058136
bottle_bottle_2_20260605033008_0014.jpg,bottle,bottle_2,172,103,469,382,0.4640625,0.58125,0.269736328125,1.064516129032258,0.50078125,0.5052083333333334,0.6393523216247559
bottle_bottle_2_20260605033010_0015.jpg,bottle,bottle_2,161,101,464,387,0.4734375,0.5958333333333333,0.28208984375,1.0594405594405594,0.48828125,0.5083333333333333,0.6724689602851868
bottle_bottle_2_20260605033012_0016.jpg,bottle,bottle_2,160,101,458,387,0.465625,0.5958333333333333,0.2774348958333333,1.0419580419580419,0.4828125,0.5083333333333333,0.8107999563217163
bottle_bottle_2_20260605033013_0017.jpg,bottle,bottle_2,164,100,459,386,0.4609375,0.5958333333333333,0.27464192708333335,1.0314685314685315,0.48671875,0.50625,0.8439470529556274
bottle_bottle_2_20260605033015_0018.jpg,bottle,bottle_2,159,101,457,385,0.465625,0.5916666666666667,0.2754947916666667,1.0492957746478873,0.48125,0.50625,0.8283583521842957
bottle_bottle_2_20260605033016_0019.jpg,bottle,bottle_2,162,101,457,386,0.4609375,0.59375,0.273681640625,1.0350877192982457,0.48359375,0.5072916666666667,0.8201843500137329
bottle_bottle_2_20260605033018_0020.jpg,bottle,bottle_2,165,101,461,386,0.4625,0.59375,0.274609375,1.03859649122807,0.4890625,0.5072916666666667,0.7992449998855591
bottle_bottle_2_20260605033020_0021.jpg,bottle,bottle_2,164,101,464,387,0.46875,0.5958333333333333,0.279296875,1.048951048951049,0.490625,0.5083333333333333,0.7215325832366943
bottle_bottle_2_20260605033021_0022.jpg,bottle,bottle_2,150,101,449,386,0.4671875,0.59375,0.277392578125,1.0491228070175438,0.46796875,0.5072916666666667,0.5342048406600952
bottle_bottle_2_20260605033023_0023.jpg,bottle,bottle_2,168,100,465,385,0.4640625,0.59375,0.275537109375,1.0421052631578946,0.49453125,0.5052083333333334,0.7407881617546082
bottle_bottle_2_20260605033024_0024.jpg,bottle,bottle_2,165,101,459,385,0.459375,0.5916666666666667,0.271796875,1.0352112676056338,0.4875,0.50625,0.8360158205032349
bottle_bottle_2_20260605033026_0025.jpg,bottle,bottle_2,166,100,462,383,0.4625,0.5895833333333333,0.2726822916666667,1.0459363957597174,0.490625,0.503125,0.8641384243965149
bottle_bottle_2_20260605033027_0026.jpg,bottle,bottle_2,169,101,465,384,0.4625,0.5895833333333333,0.2726822916666667,1.0459363957597174,0.4953125,0.5052083333333334,0.8314976096153259
bottle_bottle_2_20260605033029_0027.jpg,bottle,bottle_2,160,101,461,382,0.4703125,0.5854166666666667,0.27532877604166667,1.0711743772241993,0.48515625,0.503125,0.7451238632202148
bottle_bottle_2_20260605033030_0028.jpg,bottle,bottle_2,161,101,461,383,0.46875,0.5875,0.275390625,1.0638297872340425,0.4859375,0.5041666666666667,0.7700454592704773
bottle_bottle_2_20260605033032_0029.jpg,bottle,bottle_2,160,101,459,384,0.4671875,0.5895833333333333,0.27544596354166667,1.0565371024734982,0.48359375,0.5052083333333334,0.7983843684196472
bottle_bottle_2_20260605033033_0030.jpg,bottle,bottle_2,159,104,463,385,0.475,0.5854166666666667,0.27807291666666667,1.0818505338078293,0.4859375,0.509375,0.4162460267543793
bottle_bottle_2_20260605033035_0031.jpg,bottle,bottle_2,159,101,457,385,0.465625,0.5916666666666667,0.2754947916666667,1.0492957746478873,0.48125,0.50625,0.8345127701759338
bottle_bottle_2_20260605033037_0032.jpg,bottle,bottle_2,163,99,457,384,0.459375,0.59375,0.27275390625,1.0315789473684212,0.484375,0.503125,0.8122140169143677
bottle_bottle_2_20260605033038_0033.jpg,bottle,bottle_2,166,101,467,386,0.4703125,0.59375,0.279248046875,1.056140350877193,0.49453125,0.5072916666666667,0.8130190372467041
bottle_bottle_2_20260605033040_0034.jpg,bottle,bottle_2,160,101,461,386,0.4703125,0.59375,0.279248046875,1.056140350877193,0.48515625,0.5072916666666667,0.7723620533943176
bottle_bottle_2_20260605033041_0035.jpg,bottle,bottle_2,157,101,456,385,0.4671875,0.5916666666666667,0.27641927083333334,1.0528169014084507,0.47890625,0.50625,0.8001922369003296
bottle_bottle_2_20260605033043_0036.jpg,bottle,bottle_2,163,101,459,383,0.4625,0.5875,0.27171875,1.049645390070922,0.4859375,0.5041666666666667,0.8448514938354492
bottle_bottle_2_20260605033044_0037.jpg,bottle,bottle_2,160,101,456,383,0.4625,0.5875,0.27171875,1.049645390070922,0.48125,0.5041666666666667,0.827933132648468
bottle_bottle_2_20260605033046_0038.jpg,bottle,bottle_2,149,106,452,389,0.4734375,0.5895833333333333,0.279130859375,1.0706713780918728,0.46953125,0.515625,0.28433606028556824
bottle_bottle_2_20260605033050_0039.jpg,bottle,bottle_2,166,101,470,386,0.475,0.59375,0.28203125,1.0666666666666667,0.496875,0.5072916666666667,0.6629480123519897
bottle_bottle_2_20260605033052_0040.jpg,bottle,bottle_2,165,100,461,386,0.4625,0.5958333333333333,0.27557291666666667,1.034965034965035,0.4890625,0.50625,0.8493393063545227
bottle_bottle_2_20260605033053_0041.jpg,bottle,bottle_2,164,101,464,385,0.46875,0.5916666666666667,0.27734375,1.056338028169014,0.490625,0.50625,0.7843233346939087
bottle_bottle_2_20260605033055_0042.jpg,bottle,bottle_2,167,101,463,386,0.4625,0.59375,0.274609375,1.03859649122807,0.4921875,0.5072916666666667,0.800768256187439
bottle_bottle_2_20260605033056_0043.jpg,bottle,bottle_2,160,103,459,384,0.4671875,0.5854166666666667,0.27349934895833333,1.0640569395017794,0.48359375,0.5072916666666667,0.5184537768363953
bottle_bottle_2_20260605033058_0044.jpg,bottle,bottle_2,170,100,467,383,0.4640625,0.5895833333333333,0.273603515625,1.0494699646643109,0.49765625,0.503125,0.7781362533569336
bottle_bottle_2_20260605033059_0045.jpg,bottle,bottle_2,175,100,472,384,0.4640625,0.5916666666666667,0.2745703125,1.045774647887324,0.50546875,0.5041666666666667,0.8020802736282349
bottle_bottle_2_20260605033101_0046.jpg,bottle,bottle_2,155,101,454,387,0.4671875,0.5958333333333333,0.2783658854166667,1.0454545454545454,0.47578125,0.5083333333333333,0.7653200626373291
bottle_bottle_2_20260605033102_0047.jpg,bottle,bottle_2,162,100,461,386,0.4671875,0.5958333333333333,0.2783658854166667,1.0454545454545454,0.48671875,0.50625,0.8510743975639343
bottle_bottle_2_20260605033104_0048.jpg,bottle,bottle_2,160,101,458,386,0.465625,0.59375,0.27646484375,1.0456140350877192,0.4828125,0.5072916666666667,0.802056074142456
bottle_bottle_2_20260605033106_0049.jpg,bottle,bottle_2,163,100,461,387,0.465625,0.5979166666666667,0.27840494791666665,1.038327526132404,0.4875,0.5072916666666667,0.846603512763977
bottle_bottle_3_20260605144130_0000.jpg,bottle,bottle_3,163,101,474,385,0.4859375,0.5916666666666667,0.28751302083333335,1.0950704225352113,0.49765625,0.50625,0.6689835786819458
bottle_bottle_3_20260605144132_0001.jpg,bottle,bottle_3,164,102,473,384,0.4828125,0.5875,0.28365234375,1.0957446808510638,0.49765625,0.50625,0.5649136900901794
bottle_bottle_3_20260605144133_0002.jpg,bottle,bottle_3,171,102,473,380,0.471875,0.5791666666666667,0.27329427083333335,1.0863309352517985,0.503125,0.5020833333333333,0.6274916529655457
bottle_bottle_3_20260605144135_0003.jpg,bottle,bottle_3,164,101,470,385,0.478125,0.5916666666666667,0.282890625,1.0774647887323943,0.4953125,0.50625,0.7121589183807373
bottle_bottle_3_20260605144136_0004.jpg,bottle,bottle_3,162,101,464,386,0.471875,0.59375,0.28017578125,1.0596491228070175,0.4890625,0.5072916666666667,0.7904133796691895
bottle_bottle_3_20260605144138_0005.jpg,bottle,bottle_3,165,100,463,383,0.465625,0.5895833333333333,0.27452473958333334,1.0530035335689045,0.490625,0.503125,0.7744077444076538
bottle_bottle_3_20260605144139_0006.jpg,bottle,bottle_3,158,102,463,387,0.4765625,0.59375,0.282958984375,1.0701754385964912,0.48515625,0.509375,0.768149197101593
bottle_bottle_3_20260605144141_0007.jpg,bottle,bottle_3,158,102,465,386,0.4796875,0.5916666666666667,0.28381510416666667,1.0809859154929577,0.48671875,0.5083333333333333,0.8252720236778259
bottle_bottle_3_20260605144142_0008.jpg,bottle,bottle_3,157,102,462,385,0.4765625,0.5895833333333333,0.28097330729166664,1.0777385159010602,0.48359375,0.5072916666666667,0.8038161993026733
bottle_bottle_3_20260605144144_0009.jpg,bottle,bottle_3,153,102,462,389,0.4828125,0.5979166666666667,0.288681640625,1.0766550522648084,0.48046875,0.5114583333333333,0.7718691825866699
bottle_bottle_3_20260605144146_0010.jpg,bottle,bottle_3,163,101,466,387,0.4734375,0.5958333333333333,0.28208984375,1.0594405594405594,0.49140625,0.5083333333333333,0.6715461015701294
bottle_bottle_3_20260605144151_0011.jpg,bottle,bottle_3,156,102,466,387,0.484375,0.59375,0.28759765625,1.087719298245614,0.4859375,0.509375,0.5082847476005554
bottle_bottle_3_20260605144153_0012.jpg,bottle,bottle_3,159,102,462,384,0.4734375,0.5875,0.27814453125,1.074468085106383,0.48515625,0.50625,0.6574341654777527
bottle_bottle_3_20260605144155_0013.jpg,bottle,bottle_3,149,101,452,385,0.4734375,0.5916666666666667,0.2801171875,1.0669014084507042,0.46953125,0.50625,0.8034061789512634
bottle_bottle_3_20260605144156_0014.jpg,bottle,bottle_3,149,101,453,384,0.475,0.5895833333333333,0.2800520833333333,1.0742049469964665,0.4703125,0.5052083333333334,0.799872875213623
bottle_bottle_3_20260605144158_0015.jpg,bottle,bottle_3,179,102,486,381,0.4796875,0.58125,0.278818359375,1.1003584229390682,0.51953125,0.503125,0.3425544500350952
bottle_bottle_3_20260605144200_0016.jpg,bottle,bottle_3,175,102,474,381,0.4671875,0.58125,0.271552734375,1.07168458781362,0.50703125,0.503125,0.5407083034515381
bottle_bottle_3_20260605144201_0017.jpg,bottle,bottle_3,172,104,466,383,0.459375,0.58125,0.26701171875,1.053763440860215,0.4984375,0.5072916666666667,0.43450862169265747
bottle_bottle_3_20260605144203_0018.jpg,bottle,bottle_3,176,101,468,381,0.45625,0.5833333333333334,0.26614583333333336,1.042857142857143,0.503125,0.5020833333333333,0.5297706127166748
bottle_bottle_3_20260605144204_0019.jpg,bottle,bottle_3,178,101,477,381,0.4671875,0.5833333333333334,0.27252604166666666,1.0678571428571428,0.51171875,0.5020833333333333,0.3703087866306305
bottle_bottle_3_20260605144206_0020.jpg,bottle,bottle_3,172,102,477,381,0.4765625,0.58125,0.277001953125,1.093189964157706,0.50703125,0.503125,0.4690069556236267
bottle_bottle_3_20260605144210_0021.jpg,bottle,bottle_3,192,102,504,384,0.4875,0.5875,0.28640625,1.1063829787234043,0.54375,0.50625,0.5068587064743042
bottle_bottle_3_20260605144211_0022.jpg,bottle,bottle_3,200,102,519,382,0.4984375,0.5833333333333334,0.29075520833333335,1.1392857142857142,0.56171875,0.5041666666666667,0.4911603331565857
bottle_bottle_3_20260605144215_0023.jpg,bottle,bottle_3,178,101,483,384,0.4765625,0.5895833333333333,0.28097330729166664,1.0777385159010602,0.51640625,0.5052083333333334,0.5959622263908386
bottle_bottle_3_20260605144216_0024.jpg,bottle,bottle_3,171,101,472,384,0.4703125,0.5895833333333333,0.27728841145833333,1.0636042402826855,0.50234375,0.5052083333333334,0.6579616069793701
bottle_bottle_3_20260605144224_0025.jpg,bottle,bottle_3,157,101,467,390,0.484375,0.6020833333333333,0.2916341145833333,1.0726643598615917,0.4875,0.5114583333333333,0.3970722258090973
bottle_bottle_3_20260605144229_0026.jpg,bottle,bottle_3,138,102,438,385,0.46875,0.5895833333333333,0.2763671875,1.0600706713780919,0.45,0.5072916666666667,0.4508098065853119
bottle_bottle_3_20260605144230_0027.jpg,bottle,bottle_3,157,102,472,390,0.4921875,0.6,0.2953125,1.09375,0.49140625,0.5125,0.4775879383087158
bottle_bottle_3_20260605144232_0028.jpg,bottle,bottle_3,158,101,461,386,0.4734375,0.59375,0.281103515625,1.063157894736842,0.48359375,0.5072916666666667,0.6947833299636841
bottle_bottle_3_20260605144233_0029.jpg,bottle,bottle_3,162,103,478,395,0.49375,0.6083333333333333,0.3003645833333333,1.082191780821918,0.5,0.51875,0.41521286964416504
bottle_bottle_3_20260605144239_0030.jpg,bottle,bottle_3,171,102,490,384,0.4984375,0.5875,0.29283203125,1.1312056737588652,0.51640625,0.50625,0.585959255695343
bottle_bottle_3_20260605144241_0031.jpg,bottle,bottle_3,170,102,472,384,0.471875,0.5875,0.2772265625,1.070921985815603,0.5015625,0.50625,0.6915262937545776
bottle_bottle_3_20260605144242_0032.jpg,bottle,bottle_3,170,102,469,383,0.4671875,0.5854166666666667,0.27349934895833333,1.0640569395017794,0.49921875,0.5052083333333334,0.6453952789306641
bottle_bottle_3_20260605144244_0033.jpg,bottle,bottle_3,169,102,472,381,0.4734375,0.58125,0.275185546875,1.086021505376344,0.50078125,0.503125,0.6222406029701233
bottle_bottle_3_20260605144245_0034.jpg,bottle,bottle_3,171,102,473,382,0.471875,0.5833333333333334,0.2752604166666667,1.0785714285714285,0.503125,0.5041666666666667,0.5619329810142517
bottle_bottle_3_20260605144247_0035.jpg,bottle,bottle_3,169,102,472,382,0.4734375,0.5833333333333334,0.276171875,1.082142857142857,0.50078125,0.5041666666666667,0.5726168155670166
bottle_bottle_3_20260605144249_0036.jpg,bottle,bottle_3,178,101,476,381,0.465625,0.5833333333333334,0.2716145833333333,1.0642857142857143,0.5109375,0.5020833333333333,0.5850330591201782
bottle_bottle_3_20260605144251_0037.jpg,bottle,bottle_3,171,101,473,385,0.471875,0.5916666666666667,0.2791927083333333,1.0633802816901408,0.503125,0.50625,0.7215867638587952
bottle_bottle_3_20260605144252_0038.jpg,bottle,bottle_3,162,102,462,386,0.46875,0.5916666666666667,0.27734375,1.056338028169014,0.4875,0.5083333333333333,0.6374868154525757
bottle_bottle_3_20260605144254_0039.jpg,bottle,bottle_3,156,102,464,386,0.48125,0.5916666666666667,0.2847395833333333,1.0845070422535212,0.484375,0.5083333333333333,0.5626392960548401
bottle_bottle_3_20260605144255_0040.jpg,bottle,bottle_3,165,102,469,385,0.475,0.5895833333333333,0.2800520833333333,1.0742049469964665,0.4953125,0.5072916666666667,0.44926947355270386
bottle_bottle_3_20260605144259_0041.jpg,bottle,bottle_3,149,101,448,379,0.4671875,0.5791666666666667,0.2705794270833333,1.0755395683453237,0.46640625,0.5,0.6719613075256348
bottle_bottle_3_20260605144300_0042.jpg,bottle,bottle_3,154,104,457,384,0.4734375,0.5833333333333334,0.276171875,1.082142857142857,0.47734375,0.5083333333333333,0.2847040891647339
bottle_bottle_3_20260605144302_0043.jpg,bottle,bottle_3,154,101,450,382,0.4625,0.5854166666666667,0.27075520833333333,1.0533807829181494,0.471875,0.503125,0.5198059678077698
bottle_bottle_3_20260605144305_0044.jpg,bottle,bottle_3,153,103,458,382,0.4765625,0.58125,0.277001953125,1.093189964157706,0.47734375,0.5052083333333334,0.442749559879303
bottle_bottle_3_20260605144306_0045.jpg,bottle,bottle_3,147,102,447,383,0.46875,0.5854166666666667,0.2744140625,1.0676156583629892,0.4640625,0.5052083333333334,0.5844128727912903
bottle_bottle_3_20260605144308_0046.jpg,bottle,bottle_3,153,102,457,386,0.475,0.5916666666666667,0.2810416666666667,1.0704225352112675,0.4765625,0.5083333333333333,0.6896922588348389
bottle_bottle_3_20260605144309_0047.jpg,bottle,bottle_3,156,101,458,388,0.471875,0.5979166666666667,0.28214192708333335,1.0522648083623694,0.4796875,0.509375,0.6502686738967896
bottle_bottle_3_20260605144311_0048.jpg,bottle,bottle_3,142,102,448,390,0.478125,0.6,0.286875,1.0625,0.4609375,0.5125,0.44784238934516907
bottle_bottle_3_20260605144312_0049.jpg,bottle,bottle_3,152,102,456,387,0.475,0.59375,0.28203125,1.0666666666666667,0.475,0.509375,0.6996288895606995
ball_ball_1_20260611105030_0000.jpg,ball,ball_1,180,100,480,383,0.46875,0.5895833333333333,0.2763671875,1.0600706713780919,0.515625,0.503125,0.8361765742301941
